{"cameraMode":{"drawMode":0,"name":"Shaded","section":"Shading Mode"},"sceneLighting":true,"audioPlay":false,"sceneViewState":{"m_AlwaysRefresh":false,"showFog":true,"showSkybox":true,"showFlares":true,"showImageEffects":true,"showParticleSystems":true,"showVisualEffectGraphs":true,"m_FxEnabled":true},"in2DMode":false,"pivot":{"x":-3.600203514099121,"y":12.881380081176758,"z":1.977510690689087},"rotation":{"x":0.001282129087485373,"y":0.9969855546951294,"z":0.01689070835709572,"w":-0.0757998451590538},"size":21.64934539794922,"orthographic":false}